timestamp,price
2026-09-22T21:05:08+00:00,1.10033000
2026-09-22T21:06:08+00:00,1.09999990
2026-09-22T21:07:08+00:00,1.10032990
2026-09-22T21:08:08+00:00,1.10066000
2026-09-22T21:09:08+00:00,1.10032980
2026-09-22T21:10:08+00:00,1.10099000
2026-09-22T21:11:08+00:00,1.10165059
2026-09-22T21:12:08+00:00,1.10132009
2026-09-22T21:13:08+00:00,1.10065930
2026-09-22T21:14:08+00:00,1.09999890
2026-09-22T21:15:08+00:00,1.09966890
2026-09-22T21:16:08+00:00,1.09900910
2026-09-22T21:17:08+00:00,1.09966851
2026-09-22T21:18:08+00:00,1.09900871
2026-09-22T21:19:08+00:00,1.09834930
2026-09-22T21:20:08+00:00,1.09867880
2026-09-22T21:21:08+00:00,1.09834920
2026-09-22T21:22:08+00:00,1.09769019
2026-09-22T21:23:08+00:00,1.09801950
2026-09-22T21:24:08+00:00,1.09834891
2026-09-22T21:25:08+00:00,1.09768990
2026-09-22T21:26:08+00:00,1.09736059
2026-09-22T21:27:08+00:00,1.09801901
2026-09-22T21:28:08+00:00,1.09834842
2026-09-22T21:29:08+00:00,1.09900743
2026-09-22T21:30:08+00:00,1.09867773
2026-09-22T21:31:08+00:00,1.09900733
2026-09-22T21:32:08+00:00,1.09834793
2026-09-22T21:33:08+00:00,1.09867743
2026-09-22T21:34:08+00:00,1.09900703
2026-09-22T21:35:08+00:00,1.09834763
2026-09-22T21:36:08+00:00,1.09867713
2026-09-22T21:37:08+00:00,1.09834753
2026-09-22T21:38:08+00:00,1.09801803
2026-09-22T21:39:08+00:00,1.09867684
2026-09-22T21:40:08+00:00,1.09933605
2026-09-22T21:41:08+00:00,1.09867645
2026-09-22T21:42:08+00:00,1.09933566
2026-09-22T21:43:08+00:00,1.09900586
2026-09-22T21:44:08+00:00,1.09867616
2026-09-22T21:45:08+00:00,1.09900576
2026-09-22T21:46:08+00:00,1.09867606
2026-09-22T21:47:08+00:00,1.09933527
2026-09-22T21:48:08+00:00,1.09900547
2026-09-22T21:49:08+00:00,1.09834607
2026-09-22T21:50:08+00:00,1.09801657
2026-09-22T21:51:08+00:00,1.09735776
2026-09-22T21:52:08+00:00,1.09801617
2026-09-22T21:53:08+00:00,1.09834557
2026-09-22T21:54:08+00:00,1.09867507
2026-09-22T21:55:08+00:00,1.09801586
2026-09-22T21:56:08+00:00,1.09834526
2026-09-22T21:57:08+00:00,1.09867476
2026-09-22T21:58:08+00:00,1.09834516
2026-09-22T21:59:08+00:00,1.09768615
2026-09-22T22:00:08+00:00,1.09834476
2026-09-22T22:01:08+00:00,1.09768575
2026-09-22T22:02:08+00:00,1.09801506
2026-09-22T22:03:08+00:00,1.09867387
2026-09-22T22:04:08+00:00,1.09933307
2026-09-22T22:05:08+00:00,1.09867347
2026-09-22T22:06:08+00:00,1.09801427
2026-09-22T22:07:08+00:00,1.09735546
2026-09-22T22:08:08+00:00,1.09669705
2026-09-22T22:09:08+00:00,1.09603903
2026-09-22T22:10:08+00:00,1.09636784
2026-09-22T22:11:08+00:00,1.09669675
2026-09-22T22:12:08+00:00,1.09603873
2026-09-22T22:13:08+00:00,1.09669635
2026-09-22T22:14:08+00:00,1.09735437
2026-09-22T22:15:08+00:00,1.09768358
2026-09-22T22:16:08+00:00,1.09834219
2026-09-22T22:17:08+00:00,1.09768318
2026-09-22T22:18:08+00:00,1.09801248
2026-09-22T22:19:08+00:00,1.09768308
2026-09-22T22:20:08+00:00,1.09834169
2026-09-22T22:21:08+00:00,1.09867119
2026-09-22T22:22:08+00:00,1.09834159
2026-09-22T22:23:08+00:00,1.09900059
2026-09-22T22:24:08+00:00,1.09933029
2026-09-22T22:25:08+00:00,1.09867069
2026-09-22T22:26:08+00:00,1.09900029
2026-09-22T22:27:08+00:00,1.09834089
2026-09-22T22:28:08+00:00,1.09768189
2026-09-22T22:29:08+00:00,1.09834050
2026-09-22T22:30:08+00:00,1.09867000
2026-09-22T22:31:08+00:00,1.09801080
2026-09-22T22:32:08+00:00,1.09768140
2026-09-22T22:33:08+00:00,1.09735210
2026-09-22T22:34:08+00:00,1.09801051
2026-09-22T22:35:08+00:00,1.09735170
2026-09-22T22:36:08+00:00,1.09669329
2026-09-22T22:37:08+00:00,1.09702230
2026-09-22T22:38:08+00:00,1.09735141
2026-09-22T22:39:08+00:00,1.09669300
2026-09-22T22:40:08+00:00,1.09735102
2026-09-22T22:41:08+00:00,1.09669261
2026-09-22T22:42:08+00:00,1.09702162
2026-09-22T22:43:08+00:00,1.09767983
2026-09-22T22:44:08+00:00,1.09800913
2026-09-22T22:45:08+00:00,1.09767973
2026-09-22T22:46:08+00:00,1.09735043
2026-09-22T22:47:08+00:00,1.09767964
2026-09-22T22:48:08+00:00,1.09702103
2026-09-22T22:49:08+00:00,1.09669192
2026-09-22T22:50:08+00:00,1.09734994
2026-09-22T22:51:08+00:00,1.09702074
2026-09-22T22:52:08+00:00,1.09669163
2026-09-22T22:53:08+00:00,1.09702064
2026-09-22T22:54:08+00:00,1.09767885
2026-09-22T22:55:08+00:00,1.09702024
2026-09-22T22:56:08+00:00,1.09636203
2026-09-22T22:57:08+00:00,1.09701985
2026-09-22T22:58:08+00:00,1.09669074
2026-09-22T22:59:08+00:00,1.09603273
2026-09-22T23:00:08+00:00,1.09570392
2026-09-22T23:01:08+00:00,1.09537521
2026-09-22T23:02:08+00:00,1.09471798
2026-09-22T23:03:08+00:00,1.09504640
2026-09-22T23:04:08+00:00,1.09471789
2026-09-22T23:05:08+00:00,1.09537472
2026-09-22T23:06:08+00:00,1.09603194
2026-09-22T23:07:08+00:00,1.09668956
2026-09-22T23:08:08+00:00,1.09701857
2026-09-22T23:09:08+00:00,1.09636036
2026-09-22T23:10:08+00:00,1.09603145
2026-09-22T23:11:08+00:00,1.09537383
2026-09-22T23:12:08+00:00,1.09471661
2026-09-22T23:13:08+00:00,1.09537344
2026-09-22T23:14:08+00:00,1.09570205
2026-09-22T23:15:08+00:00,1.09603076
2026-09-22T23:16:08+00:00,1.09537314
2026-09-22T23:17:08+00:00,1.09504453
2026-09-22T23:18:08+00:00,1.09471602
2026-09-22T23:19:08+00:00,1.09405919
2026-09-22T23:20:08+00:00,1.09373097
2026-09-22T23:21:08+00:00,1.09405909
2026-09-22T23:22:08+00:00,1.09340265
2026-09-22T23:23:08+00:00,1.09373067
2026-09-22T23:24:08+00:00,1.09307443
2026-09-22T23:25:08+00:00,1.09373027
2026-09-22T23:26:08+00:00,1.09405839
2026-09-22T23:27:08+00:00,1.09471483
2026-09-22T23:28:08+00:00,1.09405800
2026-09-22T23:29:08+00:00,1.09438622
2026-09-22T23:30:08+00:00,1.09405790
2026-09-22T23:31:08+00:00,1.09438612
2026-09-22T23:32:08+00:00,1.09471444
2026-09-22T23:33:08+00:00,1.09504285
2026-09-22T23:34:08+00:00,1.09471434
2026-09-22T23:35:08+00:00,1.09504275
2026-09-22T23:36:08+00:00,1.09471424
2026-09-22T23:37:08+00:00,1.09537107
2026-09-22T23:38:08+00:00,1.09569968
2026-09-22T23:39:08+00:00,1.09635710
2026-09-22T23:40:08+00:00,1.09569929
2026-09-22T23:41:08+00:00,1.09602800
2026-09-22T23:42:08+00:00,1.09668562
2026-09-22T23:43:08+00:00,1.09635661
2026-09-22T23:44:08+00:00,1.09602770
2026-09-22T23:45:08+00:00,1.09635651
2026-09-22T23:46:08+00:00,1.09701432
2026-09-22T23:47:08+00:00,1.09734342
2026-09-22T23:48:08+00:00,1.09668501
2026-09-22T23:49:08+00:00,1.09701402
2026-09-22T23:50:08+00:00,1.09635581
2026-09-22T23:51:08+00:00,1.09569800
2026-09-22T23:52:08+00:00,1.09504058
2026-09-22T23:53:08+00:00,1.09569760
2026-09-22T23:54:08+00:00,1.09635502
2026-09-22T23:55:08+00:00,1.09668393
2026-09-22T23:56:08+00:00,1.09701294
2026-09-22T23:57:08+00:00,1.09767115
2026-09-22T23:58:08+00:00,1.09701255
2026-09-22T23:59:08+00:00,1.09734165
2026-09-23T00:00:08+00:00,1.09800005
2026-09-23T00:01:08+00:00,1.09832945
2026-09-23T00:02:08+00:00,1.09865895
2026-09-23T00:03:08+00:00,1.09832935
2026-09-23T00:04:08+00:00,1.09799985
2026-09-23T00:05:08+00:00,1.09865865
2026-09-23T00:06:08+00:00,1.09931785
2026-09-23T00:07:08+00:00,1.09964765
2026-09-23T00:08:08+00:00,1.09931776
2026-09-23T00:09:08+00:00,1.09898796
2026-09-23T00:10:08+00:00,1.09865826
2026-09-23T00:11:08+00:00,1.09931745
2026-09-23T00:12:08+00:00,1.09997704
2026-09-23T00:13:08+00:00,1.09931705
2026-09-23T00:14:08+00:00,1.09997664
2026-09-23T00:15:08+00:00,1.09964665
2026-09-23T00:16:08+00:00,1.10030644
2026-09-23T00:17:08+00:00,1.09964626
2026-09-23T00:18:08+00:00,1.09931637
2026-09-23T00:19:08+00:00,1.09898658
2026-09-23T00:20:08+00:00,1.09964597
2026-09-23T00:21:08+00:00,1.09931608
2026-09-23T00:22:08+00:00,1.09964587
2026-09-23T00:23:08+00:00,1.09898608
2026-09-23T00:24:08+00:00,1.09832669
2026-09-23T00:25:08+00:00,1.09898569
2026-09-23T00:26:08+00:00,1.09832630
2026-09-23T00:27:08+00:00,1.09799680
2026-09-23T00:28:08+00:00,1.09766740
2026-09-23T00:29:08+00:00,1.09733810
2026-09-23T00:30:08+00:00,1.09700890
2026-09-23T00:31:08+00:00,1.09733800
2026-09-23T00:32:08+00:00,1.09766720
2026-09-23T00:33:08+00:00,1.09700860
2026-09-23T00:34:08+00:00,1.09667950
2026-09-23T00:35:08+00:00,1.09700850
2026-09-23T00:36:08+00:00,1.09635029
2026-09-23T00:37:08+00:00,1.09667920
2026-09-23T00:38:08+00:00,1.09635020
2026-09-23T00:39:08+00:00,1.09667911
2026-09-23T00:40:08+00:00,1.09700811
2026-09-23T00:41:08+00:00,1.09634991
2026-09-23T00:42:08+00:00,1.09569210
2026-09-23T00:43:08+00:00,1.09634952
2026-09-23T00:44:08+00:00,1.09700733
2026-09-23T00:45:08+00:00,1.09667823
2026-09-23T00:46:08+00:00,1.09602022
2026-09-23T00:47:08+00:00,1.09634903
2026-09-23T00:48:08+00:00,1.09602013
2026-09-23T00:49:08+00:00,1.09634894
2026-09-23T00:50:08+00:00,1.09569113
2026-09-23T00:51:08+00:00,1.09634854
2026-09-23T00:52:08+00:00,1.09601964
2026-09-23T00:53:08+00:00,1.09667725
2026-09-23T00:54:08+00:00,1.09601924
2026-09-23T00:55:08+00:00,1.09536163
2026-09-23T00:56:08+00:00,1.09601885
2026-09-23T00:57:08+00:00,1.09536124
2026-09-23T00:58:08+00:00,1.09503263
2026-09-23T00:59:08+00:00,1.09470412
2026-09-23T01:00:08+00:00,1.09437571
2026-09-23T01:01:08+00:00,1.09470402
2026-09-23T01:02:08+00:00,1.09503243
2026-09-23T01:03:08+00:00,1.09470392
2026-09-23T01:04:08+00:00,1.09404710
2026-09-23T01:05:08+00:00,1.09371889
2026-09-23T01:06:08+00:00,1.09437512
2026-09-23T01:07:08+00:00,1.09470343
2026-09-23T01:08:08+00:00,1.09437502
2026-09-23T01:09:08+00:00,1.09470333
2026-09-23T01:10:08+00:00,1.09404651
2026-09-23T01:11:08+00:00,1.09437472
2026-09-23T01:12:08+00:00,1.09371810
2026-09-23T01:13:08+00:00,1.09404622
2026-09-23T01:14:08+00:00,1.09371801
2026-09-23T01:15:08+00:00,1.09437424
2026-09-23T01:16:08+00:00,1.09371762
2026-09-23T01:17:08+00:00,1.09437385
2026-09-23T01:18:08+00:00,1.09404554
2026-09-23T01:19:08+00:00,1.09470197
2026-09-23T01:20:08+00:00,1.09437356
2026-09-23T01:21:08+00:00,1.09470187
2026-09-23T01:22:08+00:00,1.09404505
2026-09-23T01:23:08+00:00,1.09437326
2026-09-23T01:24:08+00:00,1.09404495
2026-09-23T01:25:08+00:00,1.09437316
2026-09-23T01:26:08+00:00,1.09404485
2026-09-23T01:27:08+00:00,1.09371664
2026-09-23T01:28:08+00:00,1.09306041
2026-09-23T01:29:08+00:00,1.09273249
2026-09-23T01:30:08+00:00,1.09338813
2026-09-23T01:31:08+00:00,1.09273210
2026-09-23T01:32:08+00:00,1.09207646
2026-09-23T01:33:08+00:00,1.09273171
2026-09-23T01:34:08+00:00,1.09207607
2026-09-23T01:35:08+00:00,1.09142082
2026-09-23T01:36:08+00:00,1.09207567
2026-09-23T01:37:08+00:00,1.09240329
2026-09-23T01:38:08+00:00,1.09305873
2026-09-23T01:39:08+00:00,1.09371457
2026-09-23T01:40:08+00:00,1.09404268
2026-09-23T01:41:08+00:00,1.09371447
2026-09-23T01:42:08+00:00,1.09338636
2026-09-23T01:43:08+00:00,1.09273033
2026-09-23T01:44:08+00:00,1.09338597
2026-09-23T01:45:08+00:00,1.09404200
2026-09-23T01:46:08+00:00,1.09338557
2026-09-23T01:47:08+00:00,1.09272954
2026-09-23T01:48:08+00:00,1.09207390
2026-09-23T01:49:08+00:00,1.09240152
2026-09-23T01:50:08+00:00,1.09305696
2026-09-23T01:51:08+00:00,1.09272904
2026-09-23T01:52:08+00:00,1.09338468
2026-09-23T01:53:08+00:00,1.09371270
2026-09-23T01:54:08+00:00,1.09338459
2026-09-23T01:55:08+00:00,1.09404062
2026-09-23T01:56:08+00:00,1.09469704
2026-09-23T01:57:08+00:00,1.09502545
2026-09-23T01:58:08+00:00,1.09535396
2026-09-23T01:59:08+00:00,1.09502535
2026-09-23T02:00:08+00:00,1.09568237
2026-09-23T02:01:08+00:00,1.09502496
2026-09-23T02:02:08+00:00,1.09568197
2026-09-23T02:03:08+00:00,1.09633938
2026-09-23T02:04:08+00:00,1.09568158
2026-09-23T02:05:08+00:00,1.09502417
2026-09-23T02:06:08+00:00,1.09535268
2026-09-23T02:07:08+00:00,1.09568129
2026-09-23T02:08:08+00:00,1.09633870
2026-09-23T02:09:08+00:00,1.09666760
2026-09-23T02:10:08+00:00,1.09699660
2026-09-23T02:11:08+00:00,1.09633840
2026-09-23T02:12:08+00:00,1.09600950
2026-09-23T02:13:08+00:00,1.09568070
2026-09-23T02:14:08+00:00,1.09633811
2026-09-23T02:15:08+00:00,1.09568031
2026-09-23T02:16:08+00:00,1.09633772
2026-09-23T02:17:08+00:00,1.09699552
2026-09-23T02:18:08+00:00,1.09765372
2026-09-23T02:19:08+00:00,1.09831231
2026-09-23T02:20:08+00:00,1.09765332
2026-09-23T02:21:08+00:00,1.09798262
2026-09-23T02:22:08+00:00,1.09765323
2026-09-23T02:23:08+00:00,1.09831182
2026-09-23T02:24:08+00:00,1.09765283
2026-09-23T02:25:08+00:00,1.09732353
2026-09-23T02:26:08+00:00,1.09798192
2026-09-23T02:27:08+00:00,1.09765253
2026-09-23T02:28:08+00:00,1.09732323
2026-09-23T02:29:08+00:00,1.09666484
2026-09-23T02:30:08+00:00,1.09732284
2026-09-23T02:31:08+00:00,1.09666445
2026-09-23T02:32:08+00:00,1.09600645
2026-09-23T02:33:08+00:00,1.09633525
2026-09-23T02:34:08+00:00,1.09600635
2026-09-23T02:35:08+00:00,1.09633515
2026-09-23T02:36:08+00:00,1.09567735
2026-09-23T02:37:08+00:00,1.09633476
2026-09-23T02:38:08+00:00,1.09567696
2026-09-23T02:39:08+00:00,1.09534826
2026-09-23T02:40:08+00:00,1.09567686
2026-09-23T02:41:08+00:00,1.09600556
2026-09-23T02:42:08+00:00,1.09633436
2026-09-23T02:43:08+00:00,1.09567656
2026-09-23T02:44:08+00:00,1.09534786
2026-09-23T02:45:08+00:00,1.09501926
2026-09-23T02:46:08+00:00,1.09469075
2026-09-23T02:47:08+00:00,1.09501916
2026-09-23T02:48:08+00:00,1.09469065
2026-09-23T02:49:08+00:00,1.09436224
2026-09-23T02:50:08+00:00,1.09403393
2026-09-23T02:51:08+00:00,1.09469035
2026-09-23T02:52:08+00:00,1.09501876
2026-09-23T02:53:08+00:00,1.09436175
2026-09-23T02:54:08+00:00,1.09370513
2026-09-23T02:55:08+00:00,1.09304891
2026-09-23T02:56:08+00:00,1.09370474
2026-09-23T02:57:08+00:00,1.09436096
2026-09-23T02:58:08+00:00,1.09370434
2026-09-23T02:59:08+00:00,1.09337623
2026-09-23T03:00:08+00:00,1.09304822
2026-09-23T03:01:08+00:00,1.09337613
2026-09-23T03:02:08+00:00,1.09403216
2026-09-23T03:03:08+00:00,1.09468858
2026-09-23T03:04:08+00:00,1.09534539
2026-09-23T03:05:08+00:00,1.09501679
2026-09-23T03:06:08+00:00,1.09534530
2026-09-23T03:07:08+00:00,1.09567390
2026-09-23T03:08:08+00:00,1.09534520
2026-09-23T03:09:08+00:00,1.09501660
2026-09-23T03:10:08+00:00,1.09468810
2026-09-23T03:11:08+00:00,1.09534491
2026-09-23T03:12:08+00:00,1.09600212
2026-09-23T03:13:08+00:00,1.09665972
2026-09-23T03:14:08+00:00,1.09600172
2026-09-23T03:15:08+00:00,1.09534412
2026-09-23T03:16:08+00:00,1.09468691
2026-09-23T03:17:08+00:00,1.09403010
2026-09-23T03:18:08+00:00,1.09468652
2026-09-23T03:19:08+00:00,1.09435811
2026-09-23T03:20:08+00:00,1.09370150
2026-09-23T03:21:08+00:00,1.09435772
2026-09-23T03:22:08+00:00,1.09468603
2026-09-23T03:23:08+00:00,1.09534284
2026-09-23T03:24:08+00:00,1.09567144
2026-09-23T03:25:08+00:00,1.09534274
2026-09-23T03:26:08+00:00,1.09567134
2026-09-23T03:27:08+00:00,1.09501394
2026-09-23T03:28:08+00:00,1.09435693
2026-09-23T03:29:08+00:00,1.09468524
2026-09-23T03:30:08+00:00,1.09534205
2026-09-23T03:31:08+00:00,1.09599926
2026-09-23T03:32:08+00:00,1.09567046
2026-09-23T03:33:08+00:00,1.09599916
2026-09-23T03:34:08+00:00,1.09665676
2026-09-23T03:35:08+00:00,1.09632776
2026-09-23T03:36:08+00:00,1.09698556
2026-09-23T03:37:08+00:00,1.09665646
2026-09-23T03:38:08+00:00,1.09731445
2026-09-23T03:39:08+00:00,1.09665606
2026-09-23T03:40:08+00:00,1.09698506
2026-09-23T03:41:08+00:00,1.09731416
2026-09-23T03:42:08+00:00,1.09764335
2026-09-23T03:43:08+00:00,1.09797264
2026-09-23T03:44:08+00:00,1.09863142
2026-09-23T03:45:08+00:00,1.09830183
2026-09-23T03:46:08+00:00,1.09896081
2026-09-23T03:47:08+00:00,1.09863112
2026-09-23T03:48:08+00:00,1.09797194
2026-09-23T03:49:08+00:00,1.09764255
2026-09-23T03:50:08+00:00,1.09731326
2026-09-23T03:51:08+00:00,1.09764245
2026-09-23T03:52:08+00:00,1.09698386
2026-09-23T03:53:08+00:00,1.09632567
2026-09-23T03:54:08+00:00,1.09698347
2026-09-23T03:55:08+00:00,1.09665437
2026-09-23T03:56:08+00:00,1.09731236
2026-09-23T03:57:08+00:00,1.09665397
2026-09-23T03:58:08+00:00,1.09599598
2026-09-23T03:59:08+00:00,1.09665358
2026-09-23T04:00:08+00:00,1.09632458
2026-09-23T04:01:08+00:00,1.09599568
2026-09-23T04:02:08+00:00,1.09533808
2026-09-23T04:03:08+00:00,1.09566668
2026-09-23T04:04:08+00:00,1.09533798
2026-09-23T04:05:08+00:00,1.09500938
2026-09-23T04:06:08+00:00,1.09435237
2026-09-23T04:07:08+00:00,1.09468068
2026-09-23T04:08:08+00:00,1.09402387
2026-09-23T04:09:08+00:00,1.09468028
2026-09-23T04:10:08+00:00,1.09435188
2026-09-23T04:11:08+00:00,1.09402357
2026-09-23T04:12:08+00:00,1.09336716
2026-09-23T04:13:08+00:00,1.09369517
2026-09-23T04:14:08+00:00,1.09435139
2026-09-23T04:15:08+00:00,1.09402308
2026-09-23T04:16:08+00:00,1.09467949
2026-09-23T04:17:08+00:00,1.09500789
2026-09-23T04:18:08+00:00,1.09566489
2026-09-23T04:19:08+00:00,1.09599359
2026-09-23T04:20:08+00:00,1.09632239
2026-09-23T04:21:08+00:00,1.09566460
2026-09-23T04:22:08+00:00,1.09632200
2026-09-23T04:23:08+00:00,1.09599310
2026-09-23T04:24:08+00:00,1.09665070
2026-09-23T04:25:08+00:00,1.09632170
2026-09-23T04:26:08+00:00,1.09599280
2026-09-23T04:27:08+00:00,1.09665040
2026-09-23T04:28:08+00:00,1.09632140
2026-09-23T04:29:08+00:00,1.09665030
2026-09-23T04:30:08+00:00,1.09632130
2026-09-23T04:31:08+00:00,1.09665020
2026-09-23T04:32:08+00:00,1.09599221
2026-09-23T04:33:08+00:00,1.09664981
2026-09-23T04:34:08+00:00,1.09632082
2026-09-23T04:35:08+00:00,1.09566303
2026-09-23T04:36:08+00:00,1.09533433
2026-09-23T04:37:08+00:00,1.09500573
2026-09-23T04:38:08+00:00,1.09467723
2026-09-23T04:39:08+00:00,1.09533404
2026-09-23T04:40:08+00:00,1.09566264
2026-09-23T04:41:08+00:00,1.09500524
2026-09-23T04:42:08+00:00,1.09434824
2026-09-23T04:43:08+00:00,1.09369163
2026-09-23T04:44:08+00:00,1.09401974
2026-09-23T04:45:08+00:00,1.09467615
2026-09-23T04:46:08+00:00,1.09500455
2026-09-23T04:47:08+00:00,1.09467605
2026-09-23T04:48:08+00:00,1.09401924
2026-09-23T04:49:08+00:00,1.09434745
2026-09-23T04:50:08+00:00,1.09467575
2026-09-23T04:51:08+00:00,1.09533256
2026-09-23T04:52:08+00:00,1.09500396
2026-09-23T04:53:08+00:00,1.09467546
2026-09-23T04:54:08+00:00,1.09401865
2026-09-23T04:55:08+00:00,1.09434686
2026-09-23T04:56:08+00:00,1.09467516
2026-09-23T04:57:08+00:00,1.09434676
2026-09-23T04:58:08+00:00,1.09401846
2026-09-23T04:59:08+00:00,1.09336205
2026-09-23T05:00:08+00:00,1.09401807
2026-09-23T05:01:08+00:00,1.09336166
2026-09-23T05:02:08+00:00,1.09368967
2026-09-23T05:03:08+00:00,1.09303346
2026-09-23T05:04:08+00:00,1.09237764
2026-09-23T05:05:08+00:00,1.09270535
2026-09-23T05:06:08+00:00,1.09204973
2026-09-23T05:07:08+00:00,1.09270496
2026-09-23T05:08:08+00:00,1.09303277
2026-09-23T05:09:08+00:00,1.09237695
2026-09-23T05:10:08+00:00,1.09172152
2026-09-23T05:11:08+00:00,1.09237655
2026-09-23T05:12:08+00:00,1.09303198
2026-09-23T05:13:08+00:00,1.09237616
2026-09-23T05:14:08+00:00,1.09172073
2026-09-23T05:15:08+00:00,1.09106570
2026-09-23T05:16:08+00:00,1.09139302
2026-09-23T05:17:08+00:00,1.09204786
2026-09-23T05:18:08+00:00,1.09172025
2026-09-23T05:19:08+00:00,1.09237528
2026-09-23T05:20:08+00:00,1.09171985
2026-09-23T05:21:08+00:00,1.09204737
2026-09-23T05:22:08+00:00,1.09237498
2026-09-23T05:23:08+00:00,1.09270269
2026-09-23T05:24:08+00:00,1.09303050
2026-09-23T05:25:08+00:00,1.09270259
2026-09-23T05:26:08+00:00,1.09204697
2026-09-23T05:27:08+00:00,1.09139174
2026-09-23T05:28:08+00:00,1.09204658
2026-09-23T05:29:08+00:00,1.09171897
2026-09-23T05:30:08+00:00,1.09237400
2026-09-23T05:31:08+00:00,1.09302942
2026-09-23T05:32:08+00:00,1.09335733
2026-09-23T05:33:08+00:00,1.09270132
2026-09-23T05:34:08+00:00,1.09302913
2026-09-23T05:35:08+00:00,1.09237331
2026-09-23T05:36:08+00:00,1.09171789
2026-09-23T05:37:08+00:00,1.09106286
2026-09-23T05:38:08+00:00,1.09139018
2026-09-23T05:39:08+00:00,1.09171760
2026-09-23T05:40:08+00:00,1.09237263
2026-09-23T05:41:08+00:00,1.09171721
2026-09-23T05:42:08+00:00,1.09237224
2026-09-23T05:43:08+00:00,1.09171682
2026-09-23T05:44:08+00:00,1.09106179
2026-09-23T05:45:08+00:00,1.09073447
2026-09-23T05:46:08+00:00,1.09106169
2026-09-23T05:47:08+00:00,1.09171633
2026-09-23T05:48:08+00:00,1.09106130
2026-09-23T05:49:08+00:00,1.09040666
2026-09-23T05:50:08+00:00,1.09007954
2026-09-23T05:51:08+00:00,1.08975252
2026-09-23T05:52:08+00:00,1.08909867
2026-09-23T05:53:08+00:00,1.08975213
2026-09-23T05:54:08+00:00,1.09040598
2026-09-23T05:55:08+00:00,1.09073310
2026-09-23T05:56:08+00:00,1.09106032
2026-09-23T05:57:08+00:00,1.09073300
2026-09-23T05:58:08+00:00,1.09007856
2026-09-23T05:59:08+00:00,1.09073261
2026-09-23T06:00:08+00:00,1.09138705
2026-09-23T06:01:08+00:00,1.09171447
2026-09-23T06:02:08+00:00,1.09138696
2026-09-23T06:03:08+00:00,1.09171438
2026-09-23T06:04:08+00:00,1.09236941
2026-09-23T06:05:08+00:00,1.09171399
2026-09-23T06:06:08+00:00,1.09236902
2026-09-23T06:07:08+00:00,1.09171360
2026-09-23T06:08:08+00:00,1.09138609
2026-09-23T06:09:08+00:00,1.09171351
2026-09-23T06:10:08+00:00,1.09236854
2026-09-23T06:11:08+00:00,1.09204083
2026-09-23T06:12:08+00:00,1.09236844
2026-09-23T06:13:08+00:00,1.09204073
2026-09-23T06:14:08+00:00,1.09236834
2026-09-23T06:15:08+00:00,1.09204063
2026-09-23T06:16:08+00:00,1.09171302
2026-09-23T06:17:08+00:00,1.09138551
2026-09-23T06:18:08+00:00,1.09105809
2026-09-23T06:19:08+00:00,1.09040346
2026-09-23T06:20:08+00:00,1.09073058
2026-09-23T06:21:08+00:00,1.09105780
2026-09-23T06:22:08+00:00,1.09138512
2026-09-23T06:23:08+00:00,1.09171254
2026-09-23T06:24:08+00:00,1.09138503
2026-09-23T06:25:08+00:00,1.09073020
2026-09-23T06:26:08+00:00,1.09040298
2026-09-23T06:27:08+00:00,1.09105722
2026-09-23T06:28:08+00:00,1.09040259
2026-09-23T06:29:08+00:00,1.09072971
2026-09-23T06:30:08+00:00,1.09040249
2026-09-23T06:31:08+00:00,1.08974825
2026-09-23T06:32:08+00:00,1.09040210
2026-09-23T06:33:08+00:00,1.09105634
2026-09-23T06:34:08+00:00,1.09171097
2026-09-23T06:35:08+00:00,1.09236600
2026-09-23T06:36:08+00:00,1.09302142
2026-09-23T06:37:08+00:00,1.09334933
2026-09-23T06:38:08+00:00,1.09269332
2026-09-23T06:39:08+00:00,1.09334894
2026-09-23T06:40:08+00:00,1.09400495
2026-09-23T06:41:08+00:00,1.09367675
2026-09-23T06:42:08+00:00,1.09334865
2026-09-23T06:43:08+00:00,1.09400466
2026-09-23T06:44:08+00:00,1.09433286
2026-09-23T06:45:08+00:00,1.09498946
2026-09-23T06:46:08+00:00,1.09564645
2026-09-23T06:47:08+00:00,1.09498906
2026-09-23T06:48:08+00:00,1.09564605
2026-09-23T06:49:08+00:00,1.09630344
2026-09-23T06:50:08+00:00,1.09597455
2026-09-23T06:51:08+00:00,1.09663213
2026-09-23T06:52:08+00:00,1.09630314
2026-09-23T06:53:08+00:00,1.09597425
2026-09-23T06:54:08+00:00,1.09531667
2026-09-23T06:55:08+00:00,1.09564527
2026-09-23T06:56:08+00:00,1.09531658
2026-09-23T06:57:08+00:00,1.09564517
2026-09-23T06:58:08+00:00,1.09630256
2026-09-23T06:59:08+00:00,1.09597367
2026-09-23T07:00:08+00:00,1.09564488
2026-09-23T07:01:08+00:00,1.09630227
2026-09-23T07:02:08+00:00,1.09663116
2026-09-23T07:03:08+00:00,1.09696015
2026-09-23T07:04:08+00:00,1.09761833
2026-09-23T07:05:08+00:00,1.09827690
2026-09-23T07:06:08+00:00,1.09893587
2026-09-23T07:07:08+00:00,1.09827651
2026-09-23T07:08:08+00:00,1.09860599
2026-09-23T07:09:08+00:00,1.09893557
2026-09-23T07:10:08+00:00,1.09860589
2026-09-23T07:11:08+00:00,1.09926505
2026-09-23T07:12:08+00:00,1.09893527
2026-09-23T07:13:08+00:00,1.09926495
2026-09-23T07:14:08+00:00,1.09860539
2026-09-23T07:15:08+00:00,1.09794623
2026-09-23T07:16:08+00:00,1.09827561
2026-09-23T07:17:08+00:00,1.09794613
2026-09-23T07:18:08+00:00,1.09761675
2026-09-23T07:19:08+00:00,1.09695818
2026-09-23T07:20:08+00:00,1.09662909
2026-09-23T07:21:08+00:00,1.09597111
2026-09-23T07:22:08+00:00,1.09662869
2026-09-23T07:23:08+00:00,1.09695768
2026-09-23T07:24:08+00:00,1.09629951
2026-09-23T07:25:08+00:00,1.09564173
2026-09-23T07:26:08+00:00,1.09629912
2026-09-23T07:27:08+00:00,1.09597023
2026-09-23T07:28:08+00:00,1.09564144
2026-09-23T07:29:08+00:00,1.09498406
2026-09-23T07:30:08+00:00,1.09465556
2026-09-23T07:31:08+00:00,1.09399877
2026-09-23T07:32:08+00:00,1.09334237
2026-09-23T07:33:08+00:00,1.09399838
2026-09-23T07:34:08+00:00,1.09432658
2026-09-23T07:35:08+00:00,1.09366998
2026-09-23T07:36:08+00:00,1.09399808
2026-09-23T07:37:08+00:00,1.09334168
2026-09-23T07:38:08+00:00,1.09366968
2026-09-23T07:39:08+00:00,1.09301348
2026-09-23T07:40:08+00:00,1.09268558
2026-09-23T07:41:08+00:00,1.09235777
2026-09-23T07:42:08+00:00,1.09301318
2026-09-23T07:43:08+00:00,1.09235737
2026-09-23T07:44:08+00:00,1.09268508
2026-09-23T07:45:08+00:00,1.09235727
2026-09-23T07:46:08+00:00,1.09301268
2026-09-23T07:47:08+00:00,1.09268478
2026-09-23T07:48:08+00:00,1.09301259
2026-09-23T07:49:08+00:00,1.09268469
2026-09-23T07:50:08+00:00,1.09235688
2026-09-23T07:51:08+00:00,1.09268459
2026-09-23T07:52:08+00:00,1.09301240
2026-09-23T07:53:08+00:00,1.09334030
2026-09-23T07:54:08+00:00,1.09301230
2026-09-23T07:55:08+00:00,1.09334020
2026-09-23T07:56:08+00:00,1.09301220
2026-09-23T07:57:08+00:00,1.09268430
2026-09-23T07:58:08+00:00,1.09202869
2026-09-23T07:59:08+00:00,1.09137347
2026-09-23T08:00:08+00:00,1.09071865
2026-09-23T08:01:08+00:00,1.09039143
2026-09-23T08:02:08+00:00,1.09071855
2026-09-23T08:03:08+00:00,1.09137298
2026-09-23T08:04:08+00:00,1.09104557
2026-09-23T08:05:08+00:00,1.09039094
2026-09-23T08:06:08+00:00,1.09104517
2026-09-23T08:07:08+00:00,1.09137248
2026-09-23T08:08:08+00:00,1.09071766
2026-09-23T08:09:08+00:00,1.09039044
2026-09-23T08:10:08+00:00,1.09104467
2026-09-23T08:11:08+00:00,1.09137198
2026-09-23T08:12:08+00:00,1.09169939
2026-09-23T08:13:08+00:00,1.09202690
2026-09-23T08:14:08+00:00,1.09235451
2026-09-23T08:15:08+00:00,1.09169910
2026-09-23T08:16:08+00:00,1.09104408
2026-09-23T08:17:08+00:00,1.09038945
2026-09-23T08:18:08+00:00,1.09104368
2026-09-23T08:19:08+00:00,1.09137099
2026-09-23T08:20:08+00:00,1.09104358
2026-09-23T08:21:08+00:00,1.09071627
2026-09-23T08:22:08+00:00,1.09137070
2026-09-23T08:23:08+00:00,1.09071588
2026-09-23T08:24:08+00:00,1.09104309
2026-09-23T08:25:08+00:00,1.09169772
2026-09-23T08:26:08+00:00,1.09137021
2026-09-23T08:27:08+00:00,1.09202503
2026-09-23T08:28:08+00:00,1.09169742
2026-09-23T08:29:08+00:00,1.09136991
2026-09-23T08:30:08+00:00,1.09071509
2026-09-23T08:31:08+00:00,1.09136952
2026-09-23T08:32:08+00:00,1.09071470
2026-09-23T08:33:08+00:00,1.09104191
2026-09-23T08:34:08+00:00,1.09169654
2026-09-23T08:35:08+00:00,1.09202405
2026-09-23T08:36:08+00:00,1.09267926
2026-09-23T08:37:08+00:00,1.09300706
2026-09-23T08:38:08+00:00,1.09267916
2026-09-23T08:39:08+00:00,1.09202355
2026-09-23T08:40:08+00:00,1.09169594
2026-09-23T08:41:08+00:00,1.09104092
2026-09-23T08:42:08+00:00,1.09136823
2026-09-23T08:43:08+00:00,1.09071341
2026-09-23T08:44:08+00:00,1.09005898
2026-09-23T08:45:08+00:00,1.08973196
2026-09-23T08:46:08+00:00,1.08907812
2026-09-23T08:47:08+00:00,1.08940484
2026-09-23T08:48:08+00:00,1.08875120
2026-09-23T08:49:08+00:00,1.08842457
2026-09-23T08:50:08+00:00,1.08777152
2026-09-23T08:51:08+00:00,1.08744519
2026-09-23T08:52:08+00:00,1.08711896
2026-09-23T08:53:08+00:00,1.08744510
2026-09-23T08:54:08+00:00,1.08809757
2026-09-23T08:55:08+00:00,1.08777114
2026-09-23T08:56:08+00:00,1.08744481
2026-09-23T08:57:08+00:00,1.08679234
2026-09-23T08:58:08+00:00,1.08614026
2026-09-23T08:59:08+00:00,1.08679194
2026-09-23T09:00:08+00:00,1.08646590
2026-09-23T09:01:08+00:00,1.08679184
2026-09-23T09:02:08+00:00,1.08646580
2026-09-23T09:03:08+00:00,1.08613986
2026-09-23T09:04:08+00:00,1.08581402
2026-09-23T09:05:08+00:00,1.08613976
2026-09-23T09:06:08+00:00,1.08679144
2026-09-23T09:07:08+00:00,1.08613937
2026-09-23T09:08:08+00:00,1.08679105
2026-09-23T09:09:08+00:00,1.08711709
2026-09-23T09:10:08+00:00,1.08646482
2026-09-23T09:11:08+00:00,1.08679076
2026-09-23T09:12:08+00:00,1.08646472
2026-09-23T09:13:08+00:00,1.08581284
2026-09-23T09:14:08+00:00,1.08548710
2026-09-23T09:15:08+00:00,1.08613839
2026-09-23T09:16:08+00:00,1.08581255
2026-09-23T09:17:08+00:00,1.08516106
2026-09-23T09:18:08+00:00,1.08450996
2026-09-23T09:19:08+00:00,1.08516067
2026-09-23T09:20:08+00:00,1.08581177
2026-09-23T09:21:08+00:00,1.08516028
2026-09-23T09:22:08+00:00,1.08581138
2026-09-23T09:23:08+00:00,1.08548564
2026-09-23T09:24:08+00:00,1.08581129
2026-09-23T09:25:08+00:00,1.08515980
2026-09-23T09:26:08+00:00,1.08548535
2026-09-23T09:27:08+00:00,1.08581100
2026-09-23T09:28:08+00:00,1.08613674
2026-09-23T09:29:08+00:00,1.08548506
2026-09-23T09:30:08+00:00,1.08613635
2026-09-23T09:31:08+00:00,1.08678803
2026-09-23T09:32:08+00:00,1.08646199
2026-09-23T09:33:08+00:00,1.08581011
2026-09-23T09:34:08+00:00,1.08515862
2026-09-23T09:35:08+00:00,1.08548417
2026-09-23T09:36:08+00:00,1.08483288
2026-09-23T09:37:08+00:00,1.08418198
2026-09-23T09:38:08+00:00,1.08450723
2026-09-23T09:39:08+00:00,1.08483258
2026-09-23T09:40:08+00:00,1.08418168
2026-09-23T09:41:08+00:00,1.08450693
2026-09-23T09:42:08+00:00,1.08483228
2026-09-23T09:43:08+00:00,1.08548318
2026-09-23T09:44:08+00:00,1.08613447
2026-09-23T09:45:08+00:00,1.08646031
2026-09-23T09:46:08+00:00,1.08678625
2026-09-23T09:47:08+00:00,1.08711229
2026-09-23T09:48:08+00:00,1.08646002
2026-09-23T09:49:08+00:00,1.08711190
2026-09-23T09:50:08+00:00,1.08743803
2026-09-23T09:51:08+00:00,1.08678557
2026-09-23T09:52:08+00:00,1.08645953
2026-09-23T09:53:08+00:00,1.08711141
2026-09-23T09:54:08+00:00,1.08743754
2026-09-23T09:55:08+00:00,1.08678508
2026-09-23T09:56:08+00:00,1.08645904
2026-09-23T09:57:08+00:00,1.08613310
2026-09-23T09:58:08+00:00,1.08678478
2026-09-23T09:59:08+00:00,1.08645874
2026-09-23T10:00:08+00:00,1.08678468
2026-09-23T10:01:08+00:00,1.08645864
2026-09-23T10:02:08+00:00,1.08613270
2026-09-23T10:03:08+00:00,1.08548102
2026-09-23T10:04:08+00:00,1.08613231
2026-09-23T10:05:08+00:00,1.08580647
2026-09-23T10:06:08+00:00,1.08515499
2026-09-23T10:07:08+00:00,1.08548054
2026-09-23T10:08:08+00:00,1.08515490
2026-09-23T10:09:08+00:00,1.08548045
2026-09-23T10:10:08+00:00,1.08580609
2026-09-23T10:11:08+00:00,1.08645757
2026-09-23T10:12:08+00:00,1.08613163
2026-09-23T10:13:08+00:00,1.08547995
2026-09-23T10:14:08+00:00,1.08515431
2026-09-23T10:15:08+00:00,1.08547986
2026-09-23T10:16:08+00:00,1.08613115
2026-09-23T10:17:08+00:00,1.08547947
2026-09-23T10:18:08+00:00,1.08515383
2026-09-23T10:19:08+00:00,1.08547938
2026-09-23T10:20:08+00:00,1.08613067
2026-09-23T10:21:08+00:00,1.08547899
2026-09-23T10:22:08+00:00,1.08580463
2026-09-23T10:23:08+00:00,1.08547889
2026-09-23T10:24:08+00:00,1.08580453
2026-09-23T10:25:08+00:00,1.08645601
2026-09-23T10:26:08+00:00,1.08613007
2026-09-23T10:27:08+00:00,1.08645591
2026-09-23T10:28:08+00:00,1.08612997
2026-09-23T10:29:08+00:00,1.08580413
2026-09-23T10:30:08+00:00,1.08645561
2026-09-23T10:31:08+00:00,1.08678155
2026-09-23T10:32:08+00:00,1.08743362
2026-09-23T10:33:08+00:00,1.08710739
2026-09-23T10:34:08+00:00,1.08678126
2026-09-23T10:35:08+00:00,1.08710729
2026-09-23T10:36:08+00:00,1.08743342
2026-09-23T10:37:08+00:00,1.08775965
2026-09-23T10:38:08+00:00,1.08841231
2026-09-23T10:39:08+00:00,1.08775926
2026-09-23T10:40:08+00:00,1.08841192
2026-09-23T10:41:08+00:00,1.08808540
2026-09-23T10:42:08+00:00,1.08873825
2026-09-23T10:43:08+00:00,1.08808501
2026-09-23T10:44:08+00:00,1.08775858
2026-09-23T10:45:08+00:00,1.08743225
2026-09-23T10:46:08+00:00,1.08677979
2026-09-23T10:47:08+00:00,1.08612772
2026-09-23T10:48:08+00:00,1.08645356
2026-09-23T10:49:08+00:00,1.08612762
2026-09-23T10:50:08+00:00,1.08677930
2026-09-23T10:51:08+00:00,1.08710533
2026-09-23T10:52:08+00:00,1.08743146
2026-09-23T10:53:08+00:00,1.08677900
2026-09-23T10:54:08+00:00,1.08710503
2026-09-23T10:55:08+00:00,1.08677890
2026-09-23T10:56:08+00:00,1.08612683
2026-09-23T10:57:08+00:00,1.08645267
2026-09-23T10:58:08+00:00,1.08677861
2026-09-23T10:59:08+00:00,1.08645258
2026-09-23T11:00:08+00:00,1.08677852
2026-09-23T11:01:08+00:00,1.08612645
2026-09-23T11:02:08+00:00,1.08645229
2026-09-23T11:03:08+00:00,1.08710416
2026-09-23T11:04:08+00:00,1.08775642
2026-09-23T11:05:08+00:00,1.08743009
2026-09-23T11:06:08+00:00,1.08808255
2026-09-23T11:07:08+00:00,1.08742970
2026-09-23T11:08:08+00:00,1.08808216
2026-09-23T11:09:08+00:00,1.08775574
2026-09-23T11:10:08+00:00,1.08742941
2026-09-23T11:11:08+00:00,1.08775564
2026-09-23T11:12:08+00:00,1.08840829
2026-09-23T11:13:08+00:00,1.08873481
2026-09-23T11:14:08+00:00,1.08938805
2026-09-23T11:15:08+00:00,1.08873442
2026-09-23T11:16:08+00:00,1.08938766
2026-09-23T11:17:08+00:00,1.08906084
2026-09-23T11:18:08+00:00,1.08971428
2026-09-23T11:19:08+00:00,1.09036811
2026-09-23T11:20:08+00:00,1.09004100
2026-09-23T11:21:08+00:00,1.09036801
2026-09-23T11:22:08+00:00,1.08971379
2026-09-23T11:23:08+00:00,1.08905996
2026-09-23T11:24:08+00:00,1.08873324
2026-09-23T11:25:08+00:00,1.08840662
2026-09-23T11:26:08+00:00,1.08775358
2026-09-23T11:27:08+00:00,1.08742725
2026-09-23T11:28:08+00:00,1.08710102
2026-09-23T11:29:08+00:00,1.08775328
2026-09-23T11:30:08+00:00,1.08807961
2026-09-23T11:31:08+00:00,1.08742676
2026-09-23T11:32:08+00:00,1.08807922
2026-09-23T11:33:08+00:00,1.08840564
2026-09-23T11:34:08+00:00,1.08873216
2026-09-23T11:35:08+00:00,1.08840554
2026-09-23T11:36:08+00:00,1.08905858
2026-09-23T11:37:08+00:00,1.08971202
2026-09-23T11:38:08+00:00,1.08905819
2026-09-23T11:39:08+00:00,1.08840476
2026-09-23T11:40:08+00:00,1.08905780
2026-09-23T11:41:08+00:00,1.08938452
2026-09-23T11:42:08+00:00,1.08905770
2026-09-23T11:43:08+00:00,1.08873098
2026-09-23T11:44:08+00:00,1.08938422
2026-09-23T11:45:08+00:00,1.09003785
2026-09-23T11:46:08+00:00,1.08938383
2026-09-23T11:47:08+00:00,1.08971065
2026-09-23T11:48:08+00:00,1.08905682
2026-09-23T11:49:08+00:00,1.08971025
2026-09-23T11:50:08+00:00,1.09036408
2026-09-23T11:51:08+00:00,1.09101830
2026-09-23T11:52:08+00:00,1.09036369
2026-09-23T11:53:08+00:00,1.09101791
2026-09-23T11:54:08+00:00,1.09167252
2026-09-23T11:55:08+00:00,1.09232752
2026-09-23T11:56:08+00:00,1.09167212
2026-09-23T11:57:08+00:00,1.09101712
2026-09-23T11:58:08+00:00,1.09134443
2026-09-23T11:59:08+00:00,1.09068962
2026-09-23T12:00:08+00:00,1.09101683
2026-09-23T12:01:08+00:00,1.09036222
2026-09-23T12:02:08+00:00,1.09068933
2026-09-23T12:03:08+00:00,1.09003492
2026-09-23T12:04:08+00:00,1.09036193
2026-09-23T12:05:08+00:00,1.09068904
2026-09-23T12:06:08+00:00,1.09134345
2026-09-23T12:07:08+00:00,1.09068864
2026-09-23T12:08:08+00:00,1.09134305
2026-09-23T12:09:08+00:00,1.09068824
2026-09-23T12:10:08+00:00,1.09134265
2026-09-23T12:11:08+00:00,1.09199746
2026-09-23T12:12:08+00:00,1.09232506
2026-09-23T12:13:08+00:00,1.09199736
2026-09-23T12:14:08+00:00,1.09166976
2026-09-23T12:15:08+00:00,1.09101476
2026-09-23T12:16:08+00:00,1.09134206
2026-09-23T12:17:08+00:00,1.09101466
2026-09-23T12:18:08+00:00,1.09134196
2026-09-23T12:19:08+00:00,1.09068715
2026-09-23T12:20:08+00:00,1.09101436
2026-09-23T12:21:08+00:00,1.09166897
2026-09-23T12:22:08+00:00,1.09101397
2026-09-23T12:23:08+00:00,1.09166858
2026-09-23T12:24:08+00:00,1.09232358
2026-09-23T12:25:08+00:00,1.09166819
2026-09-23T12:26:08+00:00,1.09199569
2026-09-23T12:27:08+00:00,1.09166809
2026-09-23T12:28:08+00:00,1.09134059
2026-09-23T12:29:08+00:00,1.09199539
2026-09-23T12:30:08+00:00,1.09232299
2026-09-23T12:31:08+00:00,1.09265069
2026-09-23T12:32:08+00:00,1.09199510
2026-09-23T12:33:08+00:00,1.09133990
2026-09-23T12:34:08+00:00,1.09166730
2026-09-23T12:35:08+00:00,1.09101230
2026-09-23T12:36:08+00:00,1.09166691
2026-09-23T12:37:08+00:00,1.09101191
2026-09-23T12:38:08+00:00,1.09068461
2026-09-23T12:39:08+00:00,1.09035740
2026-09-23T12:40:08+00:00,1.08970319
2026-09-23T12:41:08+00:00,1.09003010
2026-09-23T12:42:08+00:00,1.08970309
2026-09-23T12:43:08+00:00,1.08904927
2026-09-23T12:44:08+00:00,1.08937598
2026-09-23T12:45:08+00:00,1.08970279
2026-09-23T12:46:08+00:00,1.09002970
2026-09-23T12:47:08+00:00,1.09035671
2026-09-23T12:48:08+00:00,1.09101092
2026-09-23T12:49:08+00:00,1.09035631
2026-09-23T12:50:08+00:00,1.09068342
2026-09-23T12:51:08+00:00,1.09002901
2026-09-23T12:52:08+00:00,1.09068303
2026-09-23T12:53:08+00:00,1.09101023
2026-09-23T12:54:08+00:00,1.09068293
2026-09-23T12:55:08+00:00,1.09035573
2026-09-23T12:56:08+00:00,1.09068284
2026-09-23T12:57:08+00:00,1.09002843
2026-09-23T12:58:08+00:00,1.09068245
2026-09-23T12:59:08+00:00,1.09100965
2026-09-23T13:00:08+00:00,1.09035504
2026-09-23T13:01:08+00:00,1.08970083
2026-09-23T13:02:08+00:00,1.08937392
2026-09-23T13:03:08+00:00,1.09002754
2026-09-23T13:04:08+00:00,1.09035455
2026-09-23T13:05:08+00:00,1.09100876
2026-09-23T13:06:08+00:00,1.09133606
2026-09-23T13:07:08+00:00,1.09199086
2026-09-23T13:08:08+00:00,1.09133567
2026-09-23T13:09:08+00:00,1.09199047
2026-09-23T13:10:08+00:00,1.09264566
2026-09-23T13:11:08+00:00,1.09199007
2026-09-23T13:12:08+00:00,1.09264526
2026-09-23T13:13:08+00:00,1.09231747
2026-09-23T13:14:08+00:00,1.09264517
2026-09-23T13:15:08+00:00,1.09198958
2026-09-23T13:16:08+00:00,1.09166198
2026-09-23T13:17:08+00:00,1.09133448
2026-09-23T13:18:08+00:00,1.09100708
2026-09-23T13:19:08+00:00,1.09133438
2026-09-23T13:20:08+00:00,1.09067958
2026-09-23T13:21:08+00:00,1.09100678
2026-09-23T13:22:08+00:00,1.09035218
2026-09-23T13:23:08+00:00,1.08969797
2026-09-23T13:24:08+00:00,1.08937106
2026-09-23T13:25:08+00:00,1.08871744
2026-09-23T13:26:08+00:00,1.08937067
2026-09-23T13:27:08+00:00,1.08871705
2026-09-23T13:28:08+00:00,1.08904367
2026-09-23T13:29:08+00:00,1.08871696
2026-09-23T13:30:08+00:00,1.08937019
2026-09-23T13:31:08+00:00,1.08904338
2026-09-23T13:32:08+00:00,1.08871667
2026-09-23T13:33:08+00:00,1.08904329
2026-09-23T13:34:08+00:00,1.08871658
2026-09-23T13:35:08+00:00,1.08936981
2026-09-23T13:36:08+00:00,1.09002343
2026-09-23T13:37:08+00:00,1.09035044
2026-09-23T13:38:08+00:00,1.09002333
2026-09-23T13:39:08+00:00,1.08969632
2026-09-23T13:40:08+00:00,1.09035014
2026-09-23T13:41:08+00:00,1.09002303
2026-09-23T13:42:08+00:00,1.08969602
2026-09-23T13:43:08+00:00,1.08936911
2026-09-23T13:44:08+00:00,1.08871549
2026-09-23T13:45:08+00:00,1.08806226
2026-09-23T13:46:08+00:00,1.08773584
2026-09-23T13:47:08+00:00,1.08740952
2026-09-23T13:48:08+00:00,1.08773574
2026-09-23T13:49:08+00:00,1.08708310
2026-09-23T13:50:08+00:00,1.08740922
2026-09-23T13:51:08+00:00,1.08806167
2026-09-23T13:52:08+00:00,1.08773525
2026-09-23T13:53:08+00:00,1.08838789
2026-09-23T13:54:08+00:00,1.08773486
2026-09-23T13:55:08+00:00,1.08806118
2026-09-23T13:56:08+00:00,1.08838760
2026-09-23T13:57:08+00:00,1.08806108
2026-09-23T13:58:08+00:00,1.08740824
2026-09-23T13:59:08+00:00,1.08675580
2026-09-23T14:00:08+00:00,1.08708183
2026-09-23T14:01:08+00:00,1.08740795
2026-09-23T14:02:08+00:00,1.08773417
2026-09-23T14:03:08+00:00,1.08708153
2026-09-23T14:04:08+00:00,1.08773378
2026-09-23T14:05:08+00:00,1.08806010
2026-09-23T14:06:08+00:00,1.08740726
2026-09-23T14:07:08+00:00,1.08708104
2026-09-23T14:08:08+00:00,1.08642879
2026-09-23T14:09:08+00:00,1.08610286
2026-09-23T14:10:08+00:00,1.08545120
2026-09-23T14:11:08+00:00,1.08577684
2026-09-23T14:12:08+00:00,1.08610257
2026-09-23T14:13:08+00:00,1.08577674
2026-09-23T14:14:08+00:00,1.08642821
2026-09-23T14:15:08+00:00,1.08577635
2026-09-23T14:16:08+00:00,1.08642782
2026-09-23T14:17:08+00:00,1.08577596
2026-09-23T14:18:08+00:00,1.08545023
2026-09-23T14:19:08+00:00,1.08577587
2026-09-23T14:20:08+00:00,1.08642734
2026-09-23T14:21:08+00:00,1.08577548
2026-09-23T14:22:08+00:00,1.08512401
2026-09-23T14:23:08+00:00,1.08447294
2026-09-23T14:24:08+00:00,1.08479828
2026-09-23T14:25:08+00:00,1.08447284
2026-09-23T14:26:08+00:00,1.08414750
2026-09-23T14:27:08+00:00,1.08349701
2026-09-23T14:28:08+00:00,1.08382206
2026-09-23T14:29:08+00:00,1.08349691
2026-09-23T14:30:08+00:00,1.08284681
2026-09-23T14:31:08+00:00,1.08317166
2026-09-23T14:32:08+00:00,1.08252176
2026-09-23T14:33:08+00:00,1.08284652
2026-09-23T14:34:08+00:00,1.08349623
2026-09-23T14:35:08+00:00,1.08317118
2026-09-23T14:36:08+00:00,1.08382108
2026-09-23T14:37:08+00:00,1.08317079
2026-09-23T14:38:08+00:00,1.08382069
2026-09-23T14:39:08+00:00,1.08414584
2026-09-23T14:40:08+00:00,1.08349535
2026-09-23T14:41:08+00:00,1.08414545
2026-09-23T14:42:08+00:00,1.08349496
2026-09-23T14:43:08+00:00,1.08284486
2026-09-23T14:44:08+00:00,1.08349457
2026-09-23T14:45:08+00:00,1.08316952
2026-09-23T14:46:08+00:00,1.08381942
2026-09-23T14:47:08+00:00,1.08316913
2026-09-23T14:48:08+00:00,1.08381903
2026-09-23T14:49:08+00:00,1.08446932
2026-09-23T14:50:08+00:00,1.08479466
2026-09-23T14:51:08+00:00,1.08446922
2026-09-23T14:52:08+00:00,1.08479456
2026-09-23T14:53:08+00:00,1.08512000
2026-09-23T14:54:08+00:00,1.08544554
2026-09-23T14:55:08+00:00,1.08577117
2026-09-23T14:56:08+00:00,1.08609690
2026-09-23T14:57:08+00:00,1.08642273
2026-09-23T14:58:08+00:00,1.08577088
2026-09-23T14:59:08+00:00,1.08609661
2026-09-23T15:00:08+00:00,1.08642244
2026-09-23T15:01:08+00:00,1.08674837
2026-09-23T15:02:08+00:00,1.08707439
2026-09-23T15:03:08+00:00,1.08642215
2026-09-23T15:04:08+00:00,1.08609622
2026-09-23T15:05:08+00:00,1.08642205
2026-09-23T15:06:08+00:00,1.08707390
2026-09-23T15:07:08+00:00,1.08674778
2026-09-23T15:08:08+00:00,1.08609573
2026-09-23T15:09:08+00:00,1.08576990
2026-09-23T15:10:08+00:00,1.08609563
2026-09-23T15:11:08+00:00,1.08576980
2026-09-23T15:12:08+00:00,1.08609553
2026-09-23T15:13:08+00:00,1.08576970
2026-09-23T15:14:08+00:00,1.08544397
2026-09-23T15:15:08+00:00,1.08511834
2026-09-23T15:16:08+00:00,1.08446727
2026-09-23T15:17:08+00:00,1.08511795
2026-09-23T15:18:08+00:00,1.08479241
2026-09-23T15:19:08+00:00,1.08544329
2026-09-23T15:20:08+00:00,1.08479202
2026-09-23T15:21:08+00:00,1.08446658
2026-09-23T15:22:08+00:00,1.08381590
2026-09-23T15:23:08+00:00,1.08349076
2026-09-23T15:24:08+00:00,1.08414085
2026-09-23T15:25:08+00:00,1.08349037
2026-09-23T15:26:08+00:00,1.08284028
2026-09-23T15:27:08+00:00,1.08316513
2026-09-23T15:28:08+00:00,1.08381503
2026-09-23T15:29:08+00:00,1.08446532
2026-09-23T15:30:08+00:00,1.08413998
2026-09-23T15:31:08+00:00,1.08348950
2026-09-23T15:32:08+00:00,1.08283941
2026-09-23T15:33:08+00:00,1.08348911
2026-09-23T15:34:08+00:00,1.08316406
2026-09-23T15:35:08+00:00,1.08251416
2026-09-23T15:36:08+00:00,1.08218941
2026-09-23T15:37:08+00:00,1.08154010
2026-09-23T15:38:08+00:00,1.08121564
2026-09-23T15:39:08+00:00,1.08089128
2026-09-23T15:40:08+00:00,1.08056701
2026-09-23T15:41:08+00:00,1.08024284
2026-09-23T15:42:08+00:00,1.08056691
2026-09-23T15:43:08+00:00,1.08089108
2026-09-23T15:44:08+00:00,1.08024255
2026-09-23T15:45:08+00:00,1.08056662
2026-09-23T15:46:08+00:00,1.07991828
2026-09-23T15:47:08+00:00,1.07959430
2026-09-23T15:48:08+00:00,1.07927042
2026-09-23T15:49:08+00:00,1.07959420
2026-09-23T15:50:08+00:00,1.07991808
2026-09-23T15:51:08+00:00,1.07959410
2026-09-23T15:52:08+00:00,1.07894634
2026-09-23T15:53:08+00:00,1.07862266
2026-09-23T15:54:08+00:00,1.07829907
2026-09-23T15:55:08+00:00,1.07894605
2026-09-23T15:56:08+00:00,1.07926973
2026-09-23T15:57:08+00:00,1.07894595
2026-09-23T15:58:08+00:00,1.07862227
2026-09-23T15:59:08+00:00,1.07797510
2026-09-23T16:00:08+00:00,1.07732831
2026-09-23T16:01:08+00:00,1.07668191
2026-09-23T16:02:08+00:00,1.07732792
2026-09-23T16:03:08+00:00,1.07700472
2026-09-23T16:04:08+00:00,1.07732782
2026-09-23T16:05:08+00:00,1.07797422
2026-09-23T16:06:08+00:00,1.07829761
2026-09-23T16:07:08+00:00,1.07797412
2026-09-23T16:08:08+00:00,1.07765073
2026-09-23T16:09:08+00:00,1.07797403
2026-09-23T16:10:08+00:00,1.07732725
2026-09-23T16:11:08+00:00,1.07668085
2026-09-23T16:12:08+00:00,1.07603484
2026-09-23T16:13:08+00:00,1.07571203
2026-09-23T16:14:08+00:00,1.07635746
2026-09-23T16:15:08+00:00,1.07571165
2026-09-23T16:16:08+00:00,1.07538894
2026-09-23T16:17:08+00:00,1.07603417
2026-09-23T16:18:08+00:00,1.07571136
2026-09-23T16:19:08+00:00,1.07603407
2026-09-23T16:20:08+00:00,1.07635688
2026-09-23T16:21:08+00:00,1.07603397
2026-09-23T16:22:08+00:00,1.07667959
2026-09-23T16:23:08+00:00,1.07700259
2026-09-23T16:24:08+00:00,1.07667949
2026-09-23T16:25:08+00:00,1.07700249
2026-09-23T16:26:08+00:00,1.07667939
2026-09-23T16:27:08+00:00,1.07700239
2026-09-23T16:28:08+00:00,1.07667929
2026-09-23T16:29:08+00:00,1.07603328
2026-09-23T16:30:08+00:00,1.07635609
2026-09-23T16:31:08+00:00,1.07667900
2026-09-23T16:32:08+00:00,1.07635600
2026-09-23T16:33:08+00:00,1.07603309
2026-09-23T16:34:08+00:00,1.07667871
2026-09-23T16:35:08+00:00,1.07635571
2026-09-23T16:36:08+00:00,1.07667862
2026-09-23T16:37:08+00:00,1.07635562
2026-09-23T16:38:08+00:00,1.07667853
2026-09-23T16:39:08+00:00,1.07700153
2026-09-23T16:40:08+00:00,1.07635533
2026-09-23T16:41:08+00:00,1.07603242
2026-09-23T16:42:08+00:00,1.07667804
2026-09-23T16:43:08+00:00,1.07603203
2026-09-23T16:44:08+00:00,1.07667765
2026-09-23T16:45:08+00:00,1.07700065
2026-09-23T16:46:08+00:00,1.07635445
2026-09-23T16:47:08+00:00,1.07603154
2026-09-23T16:48:08+00:00,1.07667716
2026-09-23T16:49:08+00:00,1.07700016
2026-09-23T16:50:08+00:00,1.07667706
2026-09-23T16:51:08+00:00,1.07700006
2026-09-23T16:52:08+00:00,1.07667696
2026-09-23T16:53:08+00:00,1.07699996
2026-09-23T16:54:08+00:00,1.07667686
2026-09-23T16:55:08+00:00,1.07635386
2026-09-23T16:56:08+00:00,1.07603095
2026-09-23T16:57:08+00:00,1.07570814
2026-09-23T16:58:08+00:00,1.07635356
2026-09-23T16:59:08+00:00,1.07603065
2026-09-23T17:00:08+00:00,1.07538503
2026-09-23T17:01:08+00:00,1.07506241
2026-09-23T17:02:08+00:00,1.07538493
2026-09-23T17:03:08+00:00,1.07603016
2026-09-23T17:04:08+00:00,1.07635297
2026-09-23T17:05:08+00:00,1.07570716
2026-09-23T17:06:08+00:00,1.07635258
2026-09-23T17:07:08+00:00,1.07570677
2026-09-23T17:08:08+00:00,1.07635219
2026-09-23T17:09:08+00:00,1.07667510
2026-09-23T17:10:08+00:00,1.07732111
2026-09-23T17:11:08+00:00,1.07796750
2026-09-23T17:12:08+00:00,1.07829089
2026-09-23T17:13:08+00:00,1.07796740
2026-09-23T17:14:08+00:00,1.07861418
2026-09-23T17:15:08+00:00,1.07796701
2026-09-23T17:16:08+00:00,1.07829040
2026-09-23T17:17:08+00:00,1.07764343
2026-09-23T17:18:08+00:00,1.07796672
2026-09-23T17:19:08+00:00,1.07861350
2026-09-23T17:20:08+00:00,1.07893708
2026-09-23T17:21:08+00:00,1.07861340
2026-09-23T17:22:08+00:00,1.07893698
2026-09-23T17:23:08+00:00,1.07926066
2026-09-23T17:24:08+00:00,1.07958444
2026-09-23T17:25:08+00:00,1.08023219
2026-09-23T17:26:08+00:00,1.07958405
2026-09-23T17:27:08+00:00,1.07893630
2026-09-23T17:28:08+00:00,1.07925998
2026-09-23T17:29:08+00:00,1.07893620
2026-09-23T17:30:08+00:00,1.07925988
2026-09-23T17:31:08+00:00,1.07861232
2026-09-23T17:32:08+00:00,1.07828874
2026-09-23T17:33:08+00:00,1.07893571
2026-09-23T17:34:08+00:00,1.07958307
2026-09-23T17:35:08+00:00,1.07990694
2026-09-23T17:36:08+00:00,1.07958297
2026-09-23T17:37:08+00:00,1.07925910
2026-09-23T17:38:08+00:00,1.07893532
2026-09-23T17:39:08+00:00,1.07861164
2026-09-23T17:40:08+00:00,1.07828806
2026-09-23T17:41:08+00:00,1.07861155
2026-09-23T17:42:08+00:00,1.07828797
2026-09-23T17:43:08+00:00,1.07764100
2026-09-23T17:44:08+00:00,1.07699442
2026-09-23T17:45:08+00:00,1.07731752
2026-09-23T17:46:08+00:00,1.07667113
2026-09-23T17:47:08+00:00,1.07731713
2026-09-23T17:48:08+00:00,1.07699393
2026-09-23T17:49:08+00:00,1.07634773
2026-09-23T17:50:08+00:00,1.07602483
2026-09-23T17:51:08+00:00,1.07570202
2026-09-23T17:52:08+00:00,1.07602473
2026-09-23T17:53:08+00:00,1.07537912
2026-09-23T17:54:08+00:00,1.07505651
2026-09-23T17:55:08+00:00,1.07537903
2026-09-23T17:56:08+00:00,1.07570164
2026-09-23T17:57:08+00:00,1.07505622
2026-09-23T17:58:08+00:00,1.07441119
2026-09-23T17:59:08+00:00,1.07473351
2026-09-23T18:00:08+00:00,1.07441109
2026-09-23T18:01:08+00:00,1.07408877
2026-09-23T18:02:08+00:00,1.07441100
2026-09-23T18:03:08+00:00,1.07376635
2026-09-23T18:04:08+00:00,1.07408848
2026-09-23T18:05:08+00:00,1.07441071
2026-09-23T18:06:08+00:00,1.07376606
2026-09-23T18:07:08+00:00,1.07408819
2026-09-23T18:08:08+00:00,1.07441042
2026-09-23T18:09:08+00:00,1.07505507
2026-09-23T18:10:08+00:00,1.07570010
2026-09-23T18:11:08+00:00,1.07634552
2026-09-23T18:12:08+00:00,1.07569971
2026-09-23T18:13:08+00:00,1.07602242
2026-09-23T18:14:08+00:00,1.07666803
2026-09-23T18:15:08+00:00,1.07731403
2026-09-23T18:16:08+00:00,1.07699084
2026-09-23T18:17:08+00:00,1.07731394
2026-09-23T18:18:08+00:00,1.07666755
2026-09-23T18:19:08+00:00,1.07731355
2026-09-23T18:20:08+00:00,1.07699036
2026-09-23T18:21:08+00:00,1.07731346
2026-09-23T18:22:08+00:00,1.07795985
2026-09-23T18:23:08+00:00,1.07731307
2026-09-23T18:24:08+00:00,1.07698988
2026-09-23T18:25:08+00:00,1.07634369
2026-09-23T18:26:08+00:00,1.07569788
2026-09-23T18:27:08+00:00,1.07505246
2026-09-23T18:28:08+00:00,1.07537498
2026-09-23T18:29:08+00:00,1.07602020
2026-09-23T18:30:08+00:00,1.07537459
2026-09-23T18:31:08+00:00,1.07601981
2026-09-23T18:32:08+00:00,1.07634262
2026-09-23T18:33:08+00:00,1.07601972
2026-09-23T18:34:08+00:00,1.07666533
2026-09-23T18:35:08+00:00,1.07698833
2026-09-23T18:36:08+00:00,1.07666523
2026-09-23T18:37:08+00:00,1.07731123
2026-09-23T18:38:08+00:00,1.07763442
2026-09-23T18:39:08+00:00,1.07698784
2026-09-23T18:40:08+00:00,1.07634165
2026-09-23T18:41:08+00:00,1.07698745
2026-09-23T18:42:08+00:00,1.07763364
2026-09-23T18:43:08+00:00,1.07828022
2026-09-23T18:44:08+00:00,1.07763325
2026-09-23T18:45:08+00:00,1.07730996
2026-09-23T18:46:08+00:00,1.07795635
2026-09-23T18:47:08+00:00,1.07763296
2026-09-23T18:48:08+00:00,1.07827954
2026-09-23T18:49:08+00:00,1.07860302
2026-09-23T18:50:08+00:00,1.07827944
2026-09-23T18:51:08+00:00,1.07763247
2026-09-23T18:52:08+00:00,1.07827905
2026-09-23T18:53:08+00:00,1.07795557
2026-09-23T18:54:08+00:00,1.07827896
2026-09-23T18:55:08+00:00,1.07892593
2026-09-23T18:56:08+00:00,1.07957329
2026-09-23T18:57:08+00:00,1.07989716
2026-09-23T18:58:08+00:00,1.08054510
2026-09-23T18:59:08+00:00,1.08119343
2026-09-23T19:00:08+00:00,1.08086907
2026-09-23T19:01:08+00:00,1.08119333
2026-09-23T19:02:08+00:00,1.08184205
2026-09-23T19:03:08+00:00,1.08249116
2026-09-23T19:04:08+00:00,1.08216641
2026-09-23T19:05:08+00:00,1.08281571
2026-09-23T19:06:08+00:00,1.08346540
2026-09-23T19:07:08+00:00,1.08379044
2026-09-23T19:08:08+00:00,1.08346530
2026-09-23T19:09:08+00:00,1.08411538
2026-09-23T19:10:08+00:00,1.08379015
2026-09-23T19:11:08+00:00,1.08346501
2026-09-23T19:12:08+00:00,1.08281493
2026-09-23T19:13:08+00:00,1.08313977
2026-09-23T19:14:08+00:00,1.08378965
2026-09-23T19:15:08+00:00,1.08346451
2026-09-23T19:16:08+00:00,1.08281443
2026-09-23T19:17:08+00:00,1.08313927
2026-09-23T19:18:08+00:00,1.08346421
2026-09-23T19:19:08+00:00,1.08411429
2026-09-23T19:20:08+00:00,1.08476476
2026-09-23T19:21:08+00:00,1.08443933
2026-09-23T19:22:08+00:00,1.08476466
2026-09-23T19:23:08+00:00,1.08443923
2026-09-23T19:24:08+00:00,1.08508989
2026-09-23T19:25:08+00:00,1.08443884
2026-09-23T19:26:08+00:00,1.08476417
2026-09-23T19:27:08+00:00,1.08508960
2026-09-23T19:28:08+00:00,1.08443855
2026-09-23T19:29:08+00:00,1.08508921
2026-09-23T19:30:08+00:00,1.08541474
2026-09-23T19:31:08+00:00,1.08606599
2026-09-23T19:32:08+00:00,1.08671763
2026-09-23T19:33:08+00:00,1.08704365
2026-09-23T19:34:08+00:00,1.08639142
2026-09-23T19:35:08+00:00,1.08671734
2026-09-23T19:36:08+00:00,1.08736937
2026-09-23T19:37:08+00:00,1.08671695
2026-09-23T19:38:08+00:00,1.08606492
2026-09-23T19:39:08+00:00,1.08541328
2026-09-23T19:40:08+00:00,1.08573890
2026-09-23T19:41:08+00:00,1.08639034
2026-09-23T19:42:08+00:00,1.08573851
2026-09-23T19:43:08+00:00,1.08606423
2026-09-23T19:44:08+00:00,1.08639005
2026-09-23T19:45:08+00:00,1.08606413
2026-09-23T19:46:08+00:00,1.08541249
2026-09-23T19:47:08+00:00,1.08476124
2026-09-23T19:48:08+00:00,1.08508667
2026-09-23T19:49:08+00:00,1.08541220
2026-09-23T19:50:08+00:00,1.08476095
2026-09-23T19:51:08+00:00,1.08508638
2026-09-23T19:52:08+00:00,1.08443533
2026-09-23T19:53:08+00:00,1.08508599
2026-09-23T19:54:08+00:00,1.08573704
2026-09-23T19:55:08+00:00,1.08638848
2026-09-23T19:56:08+00:00,1.08671440
2026-09-23T19:57:08+00:00,1.08704041
2026-09-23T19:58:08+00:00,1.08638819
2026-09-23T19:59:08+00:00,1.08704002
2026-09-23T20:00:08+00:00,1.08769224
2026-09-23T20:01:08+00:00,1.08703962
2026-09-23T20:02:08+00:00,1.08769184
2026-09-23T20:03:08+00:00,1.08801815
2026-09-23T20:04:08+00:00,1.08867096
2026-09-23T20:05:08+00:00,1.08932416
2026-09-23T20:06:08+00:00,1.08899736
2026-09-23T20:07:08+00:00,1.08965076
2026-09-23T20:08:08+00:00,1.09030455
2026-09-23T20:09:08+00:00,1.08997746
2026-09-23T20:10:08+00:00,1.08965047
2026-09-23T20:11:08+00:00,1.09030426
2026-09-23T20:12:08+00:00,1.09095844
2026-09-23T20:13:08+00:00,1.09030386
2026-09-23T20:14:08+00:00,1.08997677
2026-09-23T20:15:08+00:00,1.09030376
2026-09-23T20:16:08+00:00,1.08997667
2026-09-23T20:17:08+00:00,1.09030366
2026-09-23T20:18:08+00:00,1.08964948
2026-09-23T20:19:08+00:00,1.08997637
2026-09-23T20:20:08+00:00,1.09063036
2026-09-23T20:21:08+00:00,1.09128474
2026-09-23T20:22:08+00:00,1.09193951
2026-09-23T20:23:08+00:00,1.09226709
2026-09-23T20:24:08+00:00,1.09193941
